<?xml version="1.0" encoding="UTF-8"?>
<navigator version="1.2">
<tree>
<sapsystem name="H00:WDFLBMT7215.WDF.SAP.CORP:00:H00:TRAINERA"/>
</tree>
<sapsystems>
<sapsystem databasename="H00" databasetype="USERDB" description="H00 DB" hostname="wdflbmt7215.wdf.sap.corp" instancenumber="0" open="true" secure="false" ssl="false" systemname="H00" username="TRAINERA">
<hostrole hostname="wdflbmt7215.wdf.sap.corp" publicname="wdflbmt7215.wdf.sap.corp" role="CLIENT" sqlport="30015"/>
<hostrole hostname="wdflbmt7215" publicname="10.22.113.248" role="MASTER" sqlport="0"/>
<jdbc locale="en_US" validate_crtf="true"/>
<sapcontrol state="OFF"/>
</sapsystem>
</sapsystems>
</navigator>