<?xml version="1.0" encoding="utf-8"?><sp-stacks version="1.0"><system-identity-update><application-system creationclassname="SAP_BCSystem" system-number="0120003411"><caption>T60 on wdflbmt7030</caption><sid>T60</sid><host>wdflbmt7030</host></application-system><product><caption>EHP7 FOR SAP ERP 6.0</caption><name>EHP7 FOR SAP ERP 6.0</name><version>EHP7 FOR SAP ERP 6.0</version><ppms-number>01200314690900005013</ppms-number><vendor>sap.com</vendor></product><product><caption>SAP ERP 6.0</caption><name>SAP ERP</name><version>2005</version><ppms-number>01200615320900001296</ppms-number><vendor>sap.com</vendor></product><product><caption>SAP NETWEAVER 7.4</caption><name>SAP NETWEAVER</name><version>7.4</version><ppms-number>67838200100900005868</ppms-number><vendor>sap.com</vendor></product><software-feature><caption>EHP7 FOR SAP ERP 6.0: Central Applications</caption><name>EHP7 FOR SAP ERP 6.0</name><version>EHP7 FOR SAP ERP 6.0</version><vendor>sap.com</vendor><ppms-number>0120031469090000501330</ppms-number><included-feature><caption>EHP7 FOR SAP ERP 6.0: Master Data Governance</caption><name>EHP7 FOR SAP ERP 6.0</name><version>EHP7 FOR SAP ERP 6.0</version><vendor>sap.com</vendor><ppms-number>0120031469090000501378</ppms-number></included-feature><included-feature><caption>EHP7 FOR SAP ERP 6.0: ABAP Technology for ERP EHP7</caption><name>EHP7 FOR SAP ERP 6.0</name><version>EHP7 FOR SAP ERP 6.0</version><vendor>sap.com</vendor><ppms-number>0120031469090000501363</ppms-number></included-feature><included-feature><caption>SAP NETWEAVER 7.4: Application Server ABAP</caption><name>SAP NETWEAVER</name><version>7.4</version><vendor>sap.com</vendor><ppms-number>678382001009000058681</ppms-number></included-feature></software-feature><software-feature><caption>SAP ERP Central Component (SAP ECC)</caption><name>SAP ERP</name><version>2005</version><vendor>sap.com</vendor><ppms-number>012006153209000012961</ppms-number><included-feature><caption>SAP ECC ABAP Server</caption><name>SAP ECC</name><version>6.0</version><vendor>sap.com</vendor><ppms-number>012006153209000012611</ppms-number></included-feature></software-feature><software-feature><caption>SAP NETWEAVER 7.4: Application Server ABAP</caption><name>SAP NETWEAVER</name><version>7.4</version><vendor>sap.com</vendor><ppms-number>678382001009000058681</ppms-number></software-feature><software-component-entry><caption>SAP Basis Component</caption><name>SAP_BASIS</name><version>740</version><vendor/><ppms-number/><sp-level>0006</sp-level><patch-level/><runtime-type>ABAP</runtime-type></software-component-entry><software-component-entry><caption>Cross-Application Component</caption><name>SAP_ABA</name><version>740</version><vendor/><ppms-number/><sp-level>0006</sp-level><patch-level/><runtime-type>ABAP</runtime-type></software-component-entry><software-component-entry><caption>SAP Gateway Foundation 7.40</caption><name>SAP_GWFND</name><version>740</version><vendor/><ppms-number/><sp-level>0008</sp-level><patch-level/><runtime-type>ABAP</runtime-type></software-component-entry><software-component-entry><caption>User Interface Technology 7.40</caption><name>SAP_UI</name><version>740</version><vendor/><ppms-number/><sp-level>0009</sp-level><patch-level/><runtime-type>ABAP</runtime-type></software-component-entry><software-component-entry><caption>Basis Plug-In</caption><name>PI_BASIS</name><version>740</version><vendor/><ppms-number/><sp-level>0006</sp-level><patch-level/><runtime-type>ABAP</runtime-type></software-component-entry><software-component-entry><caption>SAP Solution Tools Plug-In</caption><name>ST-PI</name><version>2008_1_700</version><vendor/><ppms-number/><sp-level>0010</sp-level><patch-level/><runtime-type>ABAP</runtime-type></software-component-entry><software-component-entry><caption>SAP Business Warehouse</caption><name>SAP_BW</name><version>740</version><vendor/><ppms-number/><sp-level>0006</sp-level><patch-level/><runtime-type>ABAP</runtime-type></software-component-entry><software-component-entry><caption>MDG Foundation 732</caption><name>MDG_FND</name><version>747</version><vendor/><ppms-number/><sp-level>0003</sp-level><patch-level/><runtime-type>ABAP</runtime-type></software-component-entry><software-component-entry><caption>SAP Application Platform</caption><name>SAP_AP</name><version>700</version><vendor/><ppms-number/><sp-level>0030</sp-level><patch-level/><runtime-type>ABAP</runtime-type></software-component-entry><software-component-entry><caption>SAP Business Suite Foundation</caption><name>SAP_BS_FND</name><version>747</version><vendor/><ppms-number/><sp-level>0003</sp-level><patch-level/><runtime-type>ABAP</runtime-type></software-component-entry><software-component-entry><caption>SAP Web UI Framework</caption><name>WEBCUIF</name><version>747</version><vendor/><ppms-number/><sp-level>0003</sp-level><patch-level/><runtime-type>ABAP</runtime-type></software-component-entry><software-component-entry><caption>MDG Applications 607</caption><name>MDG_APPL</name><version>617</version><vendor/><ppms-number/><sp-level>0003</sp-level><patch-level/><runtime-type>ABAP</runtime-type></software-component-entry><software-component-entry><caption>Logistics and Accounting</caption><name>SAP_APPL</name><version>617</version><vendor/><ppms-number/><sp-level>0003</sp-level><patch-level/><runtime-type>ABAP</runtime-type></software-component-entry><software-component-entry><caption>SAP_FIN</caption><name>SAP_FIN</name><version>617</version><vendor/><ppms-number/><sp-level>0003</sp-level><patch-level/><runtime-type>ABAP</runtime-type></software-component-entry><software-component-entry><caption>Human Resources</caption><name>SAP_HR</name><version>600</version><vendor/><ppms-number/><sp-level>0097</sp-level><patch-level/><runtime-type>ABAP</runtime-type></software-component-entry><software-component-entry><caption>Sub component SAP_HRCAR of SAP_HR</caption><name>SAP_HRCAR</name><version>600</version><vendor/><ppms-number/><sp-level>0097</sp-level><patch-level/><runtime-type>ABAP</runtime-type></software-component-entry><software-component-entry><caption>Sub component SAP_HRCAT of SAP_HR</caption><name>SAP_HRCAT</name><version>600</version><vendor/><ppms-number/><sp-level>0097</sp-level><patch-level/><runtime-type>ABAP</runtime-type></software-component-entry><software-component-entry><caption>Sub component SAP_HRCAU of SAP_HR</caption><name>SAP_HRCAU</name><version>600</version><vendor/><ppms-number/><sp-level>0097</sp-level><patch-level/><runtime-type>ABAP</runtime-type></software-component-entry><software-component-entry><caption>Sub component SAP_HRCBE of SAP_HR</caption><name>SAP_HRCBE</name><version>600</version><vendor/><ppms-number/><sp-level>0097</sp-level><patch-level/><runtime-type>ABAP</runtime-type></software-component-entry><software-component-entry><caption>Sub component SAP_HRCBR of SAP_HR</caption><name>SAP_HRCBR</name><version>600</version><vendor/><ppms-number/><sp-level>0097</sp-level><patch-level/><runtime-type>ABAP</runtime-type></software-component-entry><software-component-entry><caption>Sub component SAP_HRCCA of SAP_HR</caption><name>SAP_HRCCA</name><version>600</version><vendor/><ppms-number/><sp-level>0097</sp-level><patch-level/><runtime-type>ABAP</runtime-type></software-component-entry><software-component-entry><caption>Sub component SAP_HRCCH of SAP_HR</caption><name>SAP_HRCCH</name><version>600</version><vendor/><ppms-number/><sp-level>0097</sp-level><patch-level/><runtime-type>ABAP</runtime-type></software-component-entry><software-component-entry><caption>Sub component SAP_HRCCN of SAP_HR</caption><name>SAP_HRCCN</name><version>600</version><vendor/><ppms-number/><sp-level>0097</sp-level><patch-level/><runtime-type>ABAP</runtime-type></software-component-entry><software-component-entry><caption>Sub component SAP_HRCDE of SAP_HR</caption><name>SAP_HRCDE</name><version>600</version><vendor/><ppms-number/><sp-level>0097</sp-level><patch-level/><runtime-type>ABAP</runtime-type></software-component-entry><software-component-entry><caption>Sub component SAP_HRCDK of SAP_HR</caption><name>SAP_HRCDK</name><version>600</version><vendor/><ppms-number/><sp-level>0097</sp-level><patch-level/><runtime-type>ABAP</runtime-type></software-component-entry><software-component-entry><caption>Sub component SAP_HRCES of SAP_HR</caption><name>SAP_HRCES</name><version>600</version><vendor/><ppms-number/><sp-level>0097</sp-level><patch-level/><runtime-type>ABAP</runtime-type></software-component-entry><software-component-entry><caption>Sub component SAP_HRCFI of SAP_HR</caption><name>SAP_HRCFI</name><version>600</version><vendor/><ppms-number/><sp-level>0097</sp-level><patch-level/><runtime-type>ABAP</runtime-type></software-component-entry><software-component-entry><caption>Sub component SAP_HRCFR of SAP_HR</caption><name>SAP_HRCFR</name><version>600</version><vendor/><ppms-number/><sp-level>0097</sp-level><patch-level/><runtime-type>ABAP</runtime-type></software-component-entry><software-component-entry><caption>Sub component SAP_HRCGB of SAP_HR</caption><name>SAP_HRCGB</name><version>600</version><vendor/><ppms-number/><sp-level>0097</sp-level><patch-level/><runtime-type>ABAP</runtime-type></software-component-entry><software-component-entry><caption>Sub component SAP_HRCHK of SAP_HR</caption><name>SAP_HRCHK</name><version>600</version><vendor/><ppms-number/><sp-level>0097</sp-level><patch-level/><runtime-type>ABAP</runtime-type></software-component-entry><software-component-entry><caption>Sub component SAP_HRCID of SAP_HR</caption><name>SAP_HRCID</name><version>600</version><vendor/><ppms-number/><sp-level>0097</sp-level><patch-level/><runtime-type>ABAP</runtime-type></software-component-entry><software-component-entry><caption>Sub component SAP_HRCIE of SAP_HR</caption><name>SAP_HRCIE</name><version>600</version><vendor/><ppms-number/><sp-level>0097</sp-level><patch-level/><runtime-type>ABAP</runtime-type></software-component-entry><software-component-entry><caption>Sub component SAP_HRCIN of SAP_HR</caption><name>SAP_HRCIN</name><version>600</version><vendor/><ppms-number/><sp-level>0097</sp-level><patch-level/><runtime-type>ABAP</runtime-type></software-component-entry><software-component-entry><caption>Sub component SAP_HRCIT of SAP_HR</caption><name>SAP_HRCIT</name><version>600</version><vendor/><ppms-number/><sp-level>0097</sp-level><patch-level/><runtime-type>ABAP</runtime-type></software-component-entry><software-component-entry><caption>Sub component SAP_HRCJP of SAP_HR</caption><name>SAP_HRCJP</name><version>600</version><vendor/><ppms-number/><sp-level>0097</sp-level><patch-level/><runtime-type>ABAP</runtime-type></software-component-entry><software-component-entry><caption>Sub component SAP_HRCKR of SAP_HR</caption><name>SAP_HRCKR</name><version>600</version><vendor/><ppms-number/><sp-level>0097</sp-level><patch-level/><runtime-type>ABAP</runtime-type></software-component-entry><software-component-entry><caption>Sub component SAP_HRCMX of SAP_HR</caption><name>SAP_HRCMX</name><version>600</version><vendor/><ppms-number/><sp-level>0097</sp-level><patch-level/><runtime-type>ABAP</runtime-type></software-component-entry><software-component-entry><caption>Sub component SAP_HRCMY of SAP_HR</caption><name>SAP_HRCMY</name><version>600</version><vendor/><ppms-number/><sp-level>0097</sp-level><patch-level/><runtime-type>ABAP</runtime-type></software-component-entry><software-component-entry><caption>Sub component SAP_HRCNL of SAP_HR</caption><name>SAP_HRCNL</name><version>600</version><vendor/><ppms-number/><sp-level>0097</sp-level><patch-level/><runtime-type>ABAP</runtime-type></software-component-entry><software-component-entry><caption>Sub component SAP_HRCNO of SAP_HR</caption><name>SAP_HRCNO</name><version>600</version><vendor/><ppms-number/><sp-level>0097</sp-level><patch-level/><runtime-type>ABAP</runtime-type></software-component-entry><software-component-entry><caption>Sub component SAP_HRCNZ of SAP_HR</caption><name>SAP_HRCNZ</name><version>600</version><vendor/><ppms-number/><sp-level>0097</sp-level><patch-level/><runtime-type>ABAP</runtime-type></software-component-entry><software-component-entry><caption>Sub component SAP_HRCPH of SAP_HR</caption><name>SAP_HRCPH</name><version>600</version><vendor/><ppms-number/><sp-level>0097</sp-level><patch-level/><runtime-type>ABAP</runtime-type></software-component-entry><software-component-entry><caption>Sub component SAP_HRCPT of SAP_HR</caption><name>SAP_HRCPT</name><version>600</version><vendor/><ppms-number/><sp-level>0097</sp-level><patch-level/><runtime-type>ABAP</runtime-type></software-component-entry><software-component-entry><caption>Sub component SAP_HRCRU of SAP_HR</caption><name>SAP_HRCRU</name><version>600</version><vendor/><ppms-number/><sp-level>0097</sp-level><patch-level/><runtime-type>ABAP</runtime-type></software-component-entry><software-component-entry><caption>Sub component SAP_HRCSE of SAP_HR</caption><name>SAP_HRCSE</name><version>600</version><vendor/><ppms-number/><sp-level>0097</sp-level><patch-level/><runtime-type>ABAP</runtime-type></software-component-entry><software-component-entry><caption>Sub component SAP_HRCSG of SAP_HR</caption><name>SAP_HRCSG</name><version>600</version><vendor/><ppms-number/><sp-level>0097</sp-level><patch-level/><runtime-type>ABAP</runtime-type></software-component-entry><software-component-entry><caption>Sub component SAP_HRCTH of SAP_HR</caption><name>SAP_HRCTH</name><version>600</version><vendor/><ppms-number/><sp-level>0097</sp-level><patch-level/><runtime-type>ABAP</runtime-type></software-component-entry><software-component-entry><caption>Sub component SAP_HRCTW of SAP_HR</caption><name>SAP_HRCTW</name><version>600</version><vendor/><ppms-number/><sp-level>0097</sp-level><patch-level/><runtime-type>ABAP</runtime-type></software-component-entry><software-component-entry><caption>Sub component SAP_HRCUN of SAP_HR</caption><name>SAP_HRCUN</name><version>600</version><vendor/><ppms-number/><sp-level>0097</sp-level><patch-level/><runtime-type>ABAP</runtime-type></software-component-entry><software-component-entry><caption>Sub component SAP_HRCUS of SAP_HR</caption><name>SAP_HRCUS</name><version>600</version><vendor/><ppms-number/><sp-level>0097</sp-level><patch-level/><runtime-type>ABAP</runtime-type></software-component-entry><software-component-entry><caption>Sub component SAP_HRCVE of SAP_HR</caption><name>SAP_HRCVE</name><version>600</version><vendor/><ppms-number/><sp-level>0097</sp-level><patch-level/><runtime-type>ABAP</runtime-type></software-component-entry><software-component-entry><caption>Sub component SAP_HRCZA of SAP_HR</caption><name>SAP_HRCZA</name><version>600</version><vendor/><ppms-number/><sp-level>0097</sp-level><patch-level/><runtime-type>ABAP</runtime-type></software-component-entry><software-component-entry><caption>Sub component SAP_HRGXX of SAP_HR</caption><name>SAP_HRGXX</name><version>600</version><vendor/><ppms-number/><sp-level>0097</sp-level><patch-level/><runtime-type>ABAP</runtime-type></software-component-entry><software-component-entry><caption>Sub component SAP_HRRXX of SAP_HR</caption><name>SAP_HRRXX</name><version>600</version><vendor/><ppms-number/><sp-level>0097</sp-level><patch-level/><runtime-type>ABAP</runtime-type></software-component-entry><software-component-entry><caption>SAP iPPE</caption><name>EA-IPPE</name><version>400</version><vendor/><ppms-number/><sp-level>0024</sp-level><patch-level/><runtime-type>ABAP</runtime-type></software-component-entry><software-component-entry><caption>SAP Enterprise Extension PLM, SCM, Financials</caption><name>EA-APPL</name><version>617</version><vendor/><ppms-number/><sp-level>0003</sp-level><patch-level/><runtime-type>ABAP</runtime-type></software-component-entry><software-component-entry><caption>SAP Enterprise Extension Defense Forces &amp; Public Security</caption><name>EA-DFPS</name><version>600</version><vendor/><ppms-number/><sp-level>0024</sp-level><patch-level/><runtime-type>ABAP</runtime-type></software-component-entry><software-component-entry><caption>EA-FIN</caption><name>EA-FIN</name><version>617</version><vendor/><ppms-number/><sp-level>0003</sp-level><patch-level/><runtime-type>ABAP</runtime-type></software-component-entry><software-component-entry><caption>SAP Enterprise Extension Financial Services</caption><name>EA-FINSERV</name><version>600</version><vendor/><ppms-number/><sp-level>0025</sp-level><patch-level/><runtime-type>ABAP</runtime-type></software-component-entry><software-component-entry><caption>SAP Enterprise Extension Global Trade</caption><name>EA-GLTRADE</name><version>600</version><vendor/><ppms-number/><sp-level>0024</sp-level><patch-level/><runtime-type>ABAP</runtime-type></software-component-entry><software-component-entry><caption>SAP Enterprise Extension HR</caption><name>EA-HR</name><version>600</version><vendor/><ppms-number/><sp-level>0097</sp-level><patch-level/><runtime-type>ABAP</runtime-type></software-component-entry><software-component-entry><caption>Sub component EA-HRCAR of EA-HR</caption><name>EA-HRCAR</name><version>600</version><vendor/><ppms-number/><sp-level>0097</sp-level><patch-level/><runtime-type>ABAP</runtime-type></software-component-entry><software-component-entry><caption>Sub component EA-HRCAT of EA-HR</caption><name>EA-HRCAT</name><version>600</version><vendor/><ppms-number/><sp-level>0097</sp-level><patch-level/><runtime-type>ABAP</runtime-type></software-component-entry><software-component-entry><caption>Sub component EA-HRCAU of EA-HR</caption><name>EA-HRCAU</name><version>600</version><vendor/><ppms-number/><sp-level>0097</sp-level><patch-level/><runtime-type>ABAP</runtime-type></software-component-entry><software-component-entry><caption>Sub component EA-HRCBE of EA-HR</caption><name>EA-HRCBE</name><version>600</version><vendor/><ppms-number/><sp-level>0097</sp-level><patch-level/><runtime-type>ABAP</runtime-type></software-component-entry><software-component-entry><caption>Sub component EA-HRCBR of EA-HR</caption><name>EA-HRCBR</name><version>600</version><vendor/><ppms-number/><sp-level>0097</sp-level><patch-level/><runtime-type>ABAP</runtime-type></software-component-entry><software-component-entry><caption>Sub component EA-HRCCA of EA-HR</caption><name>EA-HRCCA</name><version>600</version><vendor/><ppms-number/><sp-level>0097</sp-level><patch-level/><runtime-type>ABAP</runtime-type></software-component-entry><software-component-entry><caption>Sub component EA-HRCCH of EA-HR</caption><name>EA-HRCCH</name><version>600</version><vendor/><ppms-number/><sp-level>0097</sp-level><patch-level/><runtime-type>ABAP</runtime-type></software-component-entry><software-component-entry><caption>Sub component EA-HRCCN of EA-HR</caption><name>EA-HRCCN</name><version>600</version><vendor/><ppms-number/><sp-level>0097</sp-level><patch-level/><runtime-type>ABAP</runtime-type></software-component-entry><software-component-entry><caption>Sub component EA-HRCDE of EA-HR</caption><name>EA-HRCDE</name><version>600</version><vendor/><ppms-number/><sp-level>0097</sp-level><patch-level/><runtime-type>ABAP</runtime-type></software-component-entry><software-component-entry><caption>Sub component EA-HRCDK of EA-HR</caption><name>EA-HRCDK</name><version>600</version><vendor/><ppms-number/><sp-level>0097</sp-level><patch-level/><runtime-type>ABAP</runtime-type></software-component-entry><software-component-entry><caption>Sub component EA-HRCES of EA-HR</caption><name>EA-HRCES</name><version>600</version><vendor/><ppms-number/><sp-level>0097</sp-level><patch-level/><runtime-type>ABAP</runtime-type></software-component-entry><software-component-entry><caption>Sub component EA-HRCFI of EA-HR</caption><name>EA-HRCFI</name><version>600</version><vendor/><ppms-number/><sp-level>0097</sp-level><patch-level/><runtime-type>ABAP</runtime-type></software-component-entry><software-component-entry><caption>Sub component EA-HRCFR of EA-HR</caption><name>EA-HRCFR</name><version>600</version><vendor/><ppms-number/><sp-level>0097</sp-level><patch-level/><runtime-type>ABAP</runtime-type></software-component-entry><software-component-entry><caption>Sub component EA-HRCGB of EA-HR</caption><name>EA-HRCGB</name><version>600</version><vendor/><ppms-number/><sp-level>0097</sp-level><patch-level/><runtime-type>ABAP</runtime-type></software-component-entry><software-component-entry><caption>Sub component EA-HRCHK of EA-HR</caption><name>EA-HRCHK</name><version>600</version><vendor/><ppms-number/><sp-level>0097</sp-level><patch-level/><runtime-type>ABAP</runtime-type></software-component-entry><software-component-entry><caption>Sub component EA-HRCID of EA-HR</caption><name>EA-HRCID</name><version>600</version><vendor/><ppms-number/><sp-level>0097</sp-level><patch-level/><runtime-type>ABAP</runtime-type></software-component-entry><software-component-entry><caption>Sub component EA-HRCIE of EA-HR</caption><name>EA-HRCIE</name><version>600</version><vendor/><ppms-number/><sp-level>0097</sp-level><patch-level/><runtime-type>ABAP</runtime-type></software-component-entry><software-component-entry><caption>Sub component EA-HRCIN of EA-HR</caption><name>EA-HRCIN</name><version>600</version><vendor/><ppms-number/><sp-level>0097</sp-level><patch-level/><runtime-type>ABAP</runtime-type></software-component-entry><software-component-entry><caption>Sub component EA-HRCIT of EA-HR</caption><name>EA-HRCIT</name><version>600</version><vendor/><ppms-number/><sp-level>0097</sp-level><patch-level/><runtime-type>ABAP</runtime-type></software-component-entry><software-component-entry><caption>Sub component EA-HRCJP of EA-HR</caption><name>EA-HRCJP</name><version>600</version><vendor/><ppms-number/><sp-level>0097</sp-level><patch-level/><runtime-type>ABAP</runtime-type></software-component-entry><software-component-entry><caption>Sub component EA-HRCKR of EA-HR</caption><name>EA-HRCKR</name><version>600</version><vendor/><ppms-number/><sp-level>0097</sp-level><patch-level/><runtime-type>ABAP</runtime-type></software-component-entry><software-component-entry><caption>Sub component EA-HRCMX of EA-HR</caption><name>EA-HRCMX</name><version>600</version><vendor/><ppms-number/><sp-level>0097</sp-level><patch-level/><runtime-type>ABAP</runtime-type></software-component-entry><software-component-entry><caption>Sub component EA-HRCMY of EA-HR</caption><name>EA-HRCMY</name><version>600</version><vendor/><ppms-number/><sp-level>0097</sp-level><patch-level/><runtime-type>ABAP</runtime-type></software-component-entry><software-component-entry><caption>Sub component EA-HRCNL of EA-HR</caption><name>EA-HRCNL</name><version>600</version><vendor/><ppms-number/><sp-level>0097</sp-level><patch-level/><runtime-type>ABAP</runtime-type></software-component-entry><software-component-entry><caption>Sub component EA-HRCNO of EA-HR</caption><name>EA-HRCNO</name><version>600</version><vendor/><ppms-number/><sp-level>0097</sp-level><patch-level/><runtime-type>ABAP</runtime-type></software-component-entry><software-component-entry><caption>Sub component EA-HRCNZ of EA-HR</caption><name>EA-HRCNZ</name><version>600</version><vendor/><ppms-number/><sp-level>0097</sp-level><patch-level/><runtime-type>ABAP</runtime-type></software-component-entry><software-component-entry><caption>Sub component EA-HRCPH of EA-HR</caption><name>EA-HRCPH</name><version>600</version><vendor/><ppms-number/><sp-level>0097</sp-level><patch-level/><runtime-type>ABAP</runtime-type></software-component-entry><software-component-entry><caption>Sub component EA-HRCPT of EA-HR</caption><name>EA-HRCPT</name><version>600</version><vendor/><ppms-number/><sp-level>0097</sp-level><patch-level/><runtime-type>ABAP</runtime-type></software-component-entry><software-component-entry><caption>Sub component EA-HRCRU of EA-HR</caption><name>EA-HRCRU</name><version>600</version><vendor/><ppms-number/><sp-level>0097</sp-level><patch-level/><runtime-type>ABAP</runtime-type></software-component-entry><software-component-entry><caption>Sub component EA-HRCSE of EA-HR</caption><name>EA-HRCSE</name><version>600</version><vendor/><ppms-number/><sp-level>0097</sp-level><patch-level/><runtime-type>ABAP</runtime-type></software-component-entry><software-component-entry><caption>Sub component EA-HRCSG of EA-HR</caption><name>EA-HRCSG</name><version>600</version><vendor/><ppms-number/><sp-level>0097</sp-level><patch-level/><runtime-type>ABAP</runtime-type></software-component-entry><software-component-entry><caption>Sub component EA-HRCTH of EA-HR</caption><name>EA-HRCTH</name><version>600</version><vendor/><ppms-number/><sp-level>0097</sp-level><patch-level/><runtime-type>ABAP</runtime-type></software-component-entry><software-component-entry><caption>Sub component EA-HRCTW of EA-HR</caption><name>EA-HRCTW</name><version>600</version><vendor/><ppms-number/><sp-level>0097</sp-level><patch-level/><runtime-type>ABAP</runtime-type></software-component-entry><software-component-entry><caption>Sub component EA-HRCUS of EA-HR</caption><name>EA-HRCUS</name><version>600</version><vendor/><ppms-number/><sp-level>0097</sp-level><patch-level/><runtime-type>ABAP</runtime-type></software-component-entry><software-component-entry><caption>Sub component EA-HRCVE of EA-HR</caption><name>EA-HRCVE</name><version>600</version><vendor/><ppms-number/><sp-level>0097</sp-level><patch-level/><runtime-type>ABAP</runtime-type></software-component-entry><software-component-entry><caption>Sub component EA-HRCZA of EA-HR</caption><name>EA-HRCZA</name><version>600</version><vendor/><ppms-number/><sp-level>0097</sp-level><patch-level/><runtime-type>ABAP</runtime-type></software-component-entry><software-component-entry><caption>Sub component EA-HRGXX of EA-HR</caption><name>EA-HRGXX</name><version>600</version><vendor/><ppms-number/><sp-level>0097</sp-level><patch-level/><runtime-type>ABAP</runtime-type></software-component-entry><software-component-entry><caption>Sub component EA-HRRXX of EA-HR</caption><name>EA-HRRXX</name><version>600</version><vendor/><ppms-number/><sp-level>0097</sp-level><patch-level/><runtime-type>ABAP</runtime-type></software-component-entry><software-component-entry><caption>SAP Enterprise Extension Public Services</caption><name>EA-PS</name><version>600</version><vendor/><ppms-number/><sp-level>0024</sp-level><patch-level/><runtime-type>ABAP</runtime-type></software-component-entry><software-component-entry><caption>SAP Enterprise Extension Retail</caption><name>EA-RETAIL</name><version>600</version><vendor/><ppms-number/><sp-level>0024</sp-level><patch-level/><runtime-type>ABAP</runtime-type></software-component-entry><software-component-entry><caption>Fin. Basis</caption><name>FINBASIS</name><version>600</version><vendor/><ppms-number/><sp-level>0024</sp-level><patch-level/><runtime-type>ABAP</runtime-type></software-component-entry><software-component-entry><caption>DIMP</caption><name>ECC-DIMP</name><version>600</version><vendor/><ppms-number/><sp-level>0024</sp-level><patch-level/><runtime-type>ABAP</runtime-type></software-component-entry><software-component-entry><caption>E-Recruiting</caption><name>ERECRUIT</name><version>600</version><vendor/><ppms-number/><sp-level>0024</sp-level><patch-level/><runtime-type>ABAP</runtime-type></software-component-entry><software-component-entry><caption>FI-CA</caption><name>FI-CA</name><version>600</version><vendor/><ppms-number/><sp-level>0024</sp-level><patch-level/><runtime-type>ABAP</runtime-type></software-component-entry><software-component-entry><caption>FI-CA Extended</caption><name>FI-CAX</name><version>600</version><vendor/><ppms-number/><sp-level>0024</sp-level><patch-level/><runtime-type>ABAP</runtime-type></software-component-entry><software-component-entry><caption>SAP Insurance</caption><name>INSURANCE</name><version>600</version><vendor/><ppms-number/><sp-level>0024</sp-level><patch-level/><runtime-type>ABAP</runtime-type></software-component-entry><software-component-entry><caption>Industry Solution Catch Weight Management</caption><name>IS-CWM</name><version>600</version><vendor/><ppms-number/><sp-level>0024</sp-level><patch-level/><runtime-type>ABAP</runtime-type></software-component-entry><software-component-entry><caption>SAP Healthcare</caption><name>IS-H</name><version>600</version><vendor/><ppms-number/><sp-level>0036</sp-level><patch-level/><runtime-type>ABAP</runtime-type></software-component-entry><software-component-entry><caption>SAP MEDIA</caption><name>IS-M</name><version>600</version><vendor/><ppms-number/><sp-level>0024</sp-level><patch-level/><runtime-type>ABAP</runtime-type></software-component-entry><software-component-entry><caption>IS-OIL</caption><name>IS-OIL</name><version>600</version><vendor/><ppms-number/><sp-level>0024</sp-level><patch-level/><runtime-type>ABAP</runtime-type></software-component-entry><software-component-entry><caption>IS-PUBLIC SECTOR CONTRACT ACCOUNTING</caption><name>IS-PS-CA</name><version>600</version><vendor/><ppms-number/><sp-level>0024</sp-level><patch-level/><runtime-type>ABAP</runtime-type></software-component-entry><software-component-entry><caption>SAP Utilities/Telecommunication</caption><name>IS-UT</name><version>600</version><vendor/><ppms-number/><sp-level>0024</sp-level><patch-level/><runtime-type>ABAP</runtime-type></software-component-entry><software-component-entry><caption>SAP Learning Solution Front-End</caption><name>LSOFE</name><version>600</version><vendor/><ppms-number/><sp-level>0024</sp-level><patch-level/><runtime-type>ABAP</runtime-type></software-component-entry><software-component-entry><caption>SEM-BW: Strategic Enterprise Management</caption><name>SEM-BW</name><version>600</version><vendor/><ppms-number/><sp-level>0024</sp-level><patch-level/><runtime-type>ABAP</runtime-type></software-component-entry><switchable-component><name>ECC-DIMP</name><version>600</version><switch_state>I</switch_state></switchable-component><switchable-component><name>FI-CA</name><version>600</version><switch_state>I</switch_state></switchable-component><switchable-component><name>FI-CAX</name><version>600</version><switch_state>I</switch_state></switchable-component><switchable-component><name>INSURANCE</name><version>600</version><switch_state>I</switch_state></switchable-component><switchable-component><name>IS-CWM</name><version>600</version><switch_state>I</switch_state></switchable-component><switchable-component><name>IS-H</name><version>600</version><switch_state>I</switch_state></switchable-component><switchable-component><name>IS-M</name><version>600</version><switch_state>I</switch_state></switchable-component><switchable-component><name>IS-OIL</name><version>600</version><switch_state>I</switch_state></switchable-component><switchable-component><name>IS-PS-CA</name><version>600</version><switch_state>I</switch_state></switchable-component><switchable-component><name>IS-UT</name><version>600</version><switch_state>I</switch_state></switchable-component></system-identity-update></sp-stacks>