BP Role (EPM demo);Business Partner (EPM Demo);Team
002;0100000000;Team_ATLANTA
002;0100000001;Team_ATLANTA
002;0100000002;Team_ATLANTA
002;0100000003;Team_ATLANTA
002;0100000004;Team_ATLANTA
002;0100000005;Team_ATLANTA
002;0100000006;Team_ATLANTA
002;0100000007;Team_ATLANTA
002;0100000008;Team_ATLANTA
002;0100000009;Team_ATLANTA
002;0100000010;Team_ATLANTA
002;0100000011;Team_ATLANTA
002;0100000012;Team_ATLANTA
002;0100000013;Team_ATLANTA
002;0100000014;Team_ATLANTA
002;0100000015;Team_ATLANTA
002;0100000016;Team_ATLANTA
002;0100000017;Team_ATLANTA
002;0100000018;Team_ATLANTA
002;0100000019;Team_ATLANTA
002;0100000020;Team_BASEL
002;0100000021;Team_BASEL
002;0100000022;Team_BASEL
002;0100000023;Team_BASEL
002;0100000024;Team_BASEL
002;0100000025;Team_BASEL
002;0100000026;Team_BASEL
002;0100000027;Team_BASEL
002;0100000028;Team_BASEL
002;0100000029;Team_BASEL
002;0100000030;Team_BASEL
002;0100000031;Team_BASEL
002;0100000032;Team_BASEL
002;0100000033;Team_BASEL
002;0100000034;Team_BASEL
002;0100000035;Team_BASEL
002;0100000036;Team_BASEL
002;0100000037;Team_BASEL
002;0100000038;Team_BASEL
002;0100000039;Team_SINGAPORE
002;0100000040;Team_SINGAPORE
002;0100000041;Team_SINGAPORE
002;0100000042;Team_SINGAPORE
002;0100000043;Team_SINGAPORE
002;0100000044;Team_SINGAPORE
