1;Todd Hall;6;POINT (-76.626775 39.298899);59503
2;Madison Moore;6;POINT (-84.427068 33.713696);466473
3;Otto Schneider;2;POINT (11.571467 48.135559);66799
4;Gretchen Schultz;2;POINT (8.693049 49.402647);75147
5;Sven Andersson;3;POINT (17.63592 59.87149);81498
6;Ingrid Johansson;3;POINT (17.570002 59.22563);330685
7;Juan Fernandez;4;POINT (2.145198 41.433133);272378
8;Maria Gonzalez;4;POINT (-3.699529 40.252995);189087
9;Nigel Wright;1;POINT (-1.06281 51.705487);816123
10;Victoria Ashworth;1;POINT (1.002619 52.568573);188094
11;Juliana Santos;5;POINT (-46.194646 -23.354004);74274
12;Luiz Silva;5;POINT (-43.206365 -22.868986);798190
