VKORG,VKORG_DESC
1,VKORG_1
5,VKORG_5
6,VKORG_6
7,VKORG_7
8,VKORG_8
1000,VKORG_1000
1020,VKORG_1020
1030,VKORG_1030
2000,VKORG_2000
2100,VKORG_2100
2200,VKORG_2200
2220,VKORG_2220
2300,VKORG_2300
2400,VKORG_2400
2500,VKORG_2500
2700,VKORG_2700
2730,VKORG_2730
2750,VKORG_2750
3000,VKORG_3000
3010,VKORG_3010
3020,VKORG_3020
3050,VKORG_3050
3110,VKORG_3110
4000,VKORG_4000
4110,VKORG_4110
4510,VKORG_4510
4520,VKORG_4520
4530,VKORG_4530
5000,VKORG_5000
5100,VKORG_5100
5430,VKORG_5430
5431,VKORG_5431
6000,VKORG_6000
6101,VKORG_6101
6102,VKORG_6102
6201,VKORG_6201
6202,VKORG_6202
7000,VKORG_7000
7001,VKORG_7001
7003,VKORG_7003
7500,VKORG_7500
7999,VKORG_7999
8520,VKORG_8520
8530,VKORG_8530
8580,VKORG_8580
8590,VKORG_8590
CPB1,VKORG_CPB1
CPC1,VKORG_CPC1
CPF1,VKORG_CPF1
CPF2,VKORG_CPF2
FS01,VKORG_FS01
R100,VKORG_R100
R300,VKORG_R300
S300,VKORG_S300
S330,VKORG_S330
SL31,VKORG_SL31
SO01,VKORG_SO01
SO02,VKORG_SO02
Z000,VKORG_Z000
